id,Nombre,Perfil,Saldo estimado,Saldo facturado
0,Julie Myers,Básico,8239.86,496.4
1,Nicole Hoffman,VIP,24125.78,18613.49
2,Alexander Alvarado DDS,Básico,45320.84,16000.22
3,Stephanie Morris,Básico,29680.76,18433.89
4,Tammy Ortiz,Básico,22080.65,2130.49
5,Robert Nelson,Básico,43098.97,38969.11
6,Deanna Brown,Premium,22715.58,34898.67
7,Kimberly Charles,Premium,29143.49,14556.7
8,Angelica Walker,Premium,37590.55,34529.96
9,Angel Fitzpatrick,VIP,10351.0,27807.97
10,Kylie Carlson,Premium,26219.43,16888.25
11,Laura Navarro,VIP,37042.23,18000.87
12,Thomas Morgan,Básico,49487.51,21787.83
13,Joseph Rivers,VIP,43223.32,17212.01
14,Michael Yu,Básico,28889.84,15086.85
15,Michael Ward,Premium,11372.42,17449.29
16,Adam Hendricks,Básico,32876.02,13550.44
17,James Yang,Básico,12179.32,18616.15
18,Lonnie Santiago,Premium,34605.12,24653.74
19,Dalton Duncan,Básico,39100.79,23615.28
20,Lindsey Ford,Premium,20343.62,1379.35
21,Adam Salazar,Premium,44899.47,32776.66
22,Maurice Lynn,Premium,23318.34,22616.71
23,Brandy Washington,VIP,7823.49,17412.88
24,Sydney Fitzgerald,VIP,14263.19,23491.19
25,Melissa Harris,VIP,31677.19,7999.8
26,Michael Moore,Premium,2204.6,17788.31
27,Brian Barnes,Premium,43560.93,12437.81
28,Joseph Lee,Básico,30134.32,11948.69
29,Virginia Perez,Premium,28660.31,32767.18
30,Alexis Dean,Básico,10852.94,36303.97
31,Erica Lee,Básico,22775.83,23494.92
32,Anna Avery,VIP,36911.48,971.97
33,Leslie Garcia,Premium,42599.41,12469.59
34,Desiree Young,Básico,2907.1,11554.12
35,Michael Collins,VIP,9914.22,7614.88
36,Thomas Howard,Premium,44398.72,32937.75
37,Taylor Castaneda,Básico,16296.21,9001.39
38,Jonathan Wright,Premium,14695.12,22099.33
39,Martin Bird,Premium,23591.87,29711.78
40,Jessica Christian,Básico,31143.3,13253.34
41,Megan Ramos,Básico,47798.99,8009.8
42,Deborah Mathews,VIP,9367.63,27438.6
43,Christine Kim,Básico,19491.68,16713.29
44,Jesus Mills,VIP,23575.55,32508.66
45,Steven Burns,VIP,10980.47,15974.29
46,Gina Ellis,VIP,7917.1,7619.92
47,Spencer Mccarthy,VIP,35325.36,25577.62
48,Diane Wright,VIP,2683.64,23057.07
49,Katherine Fuller,VIP,7669.54,5544.28
50,Melissa Watson,Básico,10705.6,8166.02
51,Charles Ramirez,Premium,45239.48,28592.9
52,Kevin Nguyen,Básico,18267.24,7816.42
53,Ricky Lopez,Premium,46545.14,5666.27
54,Christina Smith,Básico,44131.51,36965.95
55,James Little,VIP,17991.4,35979.39
56,John Copeland,VIP,156.54,24768.03
57,David Fowler,Básico,49634.85,25383.3
58,Steven Mason,Premium,20920.22,11178.11
59,Adam Cummings,Básico,24303.74,33368.11
60,Daniel Smith,Premium,770.58,19512.48
61,Jessica Bell,Premium,29263.99,38543.23
62,Bradley Mccoy,Básico,19769.87,39218.6
63,Charles Wells,Básico,20856.62,35723.54
64,Joanne Howard,Básico,29849.13,34949.91
65,Margaret Moore,Básico,26273.05,6443.57
66,Danielle Hays,Básico,24056.48,7312.08
67,Patty Lucas,VIP,445.33,26179.25
68,Amanda Washington,Básico,40444.63,34557.05
69,Tracy Davidson,Básico,12541.55,29727.06
70,Jay Kim,Básico,6364.17,20265.31
71,Karen Powell,VIP,4141.59,14716.01
72,Derek Rojas,VIP,46696.21,15909.25
73,Shane Bryan,Básico,29093.79,3835.2
74,Michael Cummings,Premium,10060.44,32906.55
75,Andrew Burns,VIP,25270.21,32675.37
76,Jacob Diaz,Básico,46119.98,19234.95
77,Jason Andersen,VIP,13926.01,11621.82
78,Sabrina Stanley,Premium,45203.51,39240.54
79,Melissa Hartman,VIP,2960.95,20208.67
80,Chelsea Zimmerman,VIP,9906.21,13183.62
81,Norma Riley,Básico,30035.92,17412.54
82,Caleb Powers,VIP,22478.78,15889.68
83,Daniel Rogers,Premium,15892.65,23971.82
84,Joseph Hamilton,Premium,1724.72,6586.55
85,Heather Vazquez,VIP,20429.91,29347.51
86,Kathryn Huff,VIP,27467.07,11929.2
87,Anthony Hoffman,Básico,20350.33,13600.79
88,Michael Williams,Premium,252.13,18191.65
89,Vicki Bryant,Premium,26029.98,14090.58
90,Kelly Wood,Premium,38603.79,20050.15
91,Shane Palmer,Básico,5878.37,13918.62
92,Jeffrey Patel,Premium,20149.98,14103.62
93,Lindsey Juarez,Premium,19793.04,21825.87
94,Nichole Foley,Premium,12351.85,3231.66
95,Christian Smith,VIP,29649.01,18388.53
96,Danielle Martinez,Premium,22986.0,27435.21
97,Christopher Bautista,Básico,2616.86,38322.41
98,Jordan Barnes,Básico,13362.92,16865.24
99,Rodney Cervantes,Básico,25571.65,18420.28
100,Kimberly Jones,Básico,47909.26,29614.33
101,Jason Harris,VIP,34980.71,39225.6
102,Jessica Figueroa,Premium,14116.14,33703.67
103,Laura Nelson,Premium,6741.91,15626.41
104,Amanda Garner,Básico,24076.0,16854.22
105,Mark Hernandez,Premium,41677.97,8601.25
106,Pamela Robinson,Premium,8014.81,19774.87
107,Janet Jones,VIP,23019.06,33187.74
108,Hannah Carroll,Básico,8947.63,20481.14
109,Kenneth Scott,Básico,35198.32,38572.1
110,Ian King,Premium,18129.47,34502.4
111,Joseph Walter,Básico,42671.05,8010.38
112,Aaron Mccoy,VIP,20383.8,8712.82
113,Carrie Webster DVM,Básico,41520.23,14207.95
114,John Mcdaniel,Premium,7624.65,36746.59
115,Christina Harris,Básico,12938.11,20187.78
116,Victoria Ryan,Premium,11458.56,25338.11
117,Shaun Bond,Básico,42173.5,15615.18
118,Jill Clark,VIP,48787.71,20191.98
119,Tanya Bass,Básico,27750.16,535.43
120,Chad Stone,VIP,12638.87,36995.02
121,George Smith,Premium,36354.49,14821.41
122,Raymond Short,Premium,40758.06,10168.7
123,Debra Bush,Premium,46869.04,39524.0
124,Vanessa Young,Premium,20292.55,28419.64
125,James Cox,VIP,46259.68,15417.98
126,Michael Johnson,Premium,7780.63,9216.15
127,Howard Brown,Premium,35036.76,25199.84
128,David Davis,Básico,22443.64,20121.68
129,Kevin Church,Básico,22421.95,4986.89
130,Hannah Underwood,Premium,24020.79,21964.97
131,Brittany Bonilla,Básico,14238.59,12072.39
132,Anthony Allen,VIP,45702.03,35342.22
133,Sandra Murphy,VIP,1128.5,7993.45
134,Jill Oneill,Premium,36657.41,30712.27
135,Todd Fletcher,Premium,894.03,20970.74
136,Chad Leonard,VIP,4307.83,32110.22
137,Angela Bennett,Premium,40658.45,2992.16
138,Theresa Scott,Premium,37857.92,39769.64
139,Mr. Edward Hunter,Básico,6254.7,9590.45
140,Stephanie Kent,VIP,49204.05,391.79
141,Gregory Taylor,Básico,11755.39,25302.77
142,Andre Walker,Básico,48357.78,28645.76
143,Angela Mcclure,Básico,19794.96,16513.8
144,Michael Mcdonald,VIP,18041.75,12270.68
145,Jonathan Green,Básico,48469.3,32279.11
146,Kimberly Gomez,VIP,4109.27,19514.2
147,Joseph Carter,VIP,36406.78,1251.54
148,Mary Johnson,Premium,40757.73,475.84
149,Andrew Rios,VIP,9244.95,6006.29
150,Emily Myers,Básico,21973.32,14502.78
151,Dale Turner,Premium,35891.5,7256.49
152,Taylor Cole,Básico,32524.44,6267.92
153,Matthew Cooper,Básico,19602.32,2262.49
154,Leslie Martinez,VIP,43391.89,10115.05
155,Joshua Gonzalez,VIP,38887.11,25873.52
156,Nicole Goodman,Básico,31501.28,19511.92
157,Mrs. Christina Black,Básico,9405.11,24071.36
158,Brandon Roberts,Premium,7496.8,25556.26
159,Beth Parsons,Básico,7155.2,38354.39
160,Danielle Johnson,Premium,30338.57,3417.89
161,Eric Garza,VIP,40698.64,39353.45
162,Anne Payne,VIP,23569.96,11638.74
163,Antonio Hernandez,Básico,283.03,1008.5
164,Robert Grant,Básico,48055.26,14062.38
165,Timothy Murray,Premium,4805.96,25157.69
166,Veronica Cook,Premium,45650.13,29137.22
167,Bryan Warren,VIP,11133.31,12076.8
168,Scott Leonard,Premium,49185.82,16457.51
169,Melissa Dixon,Premium,15373.84,29836.96
170,Sheila Neal,VIP,11617.73,1379.23
171,Brent Kelly,Premium,38980.1,37983.08
172,Terry Jones,Básico,49313.34,5564.57
173,Virginia Glover,Premium,49248.12,171.5
174,Randy Nguyen,Básico,27066.37,37084.62
175,Emily Scott,Premium,20027.09,29128.99
176,Dale Arnold,VIP,38459.76,13436.31
177,Kimberly Young,Básico,6991.67,8451.2
178,Amy Buck,Premium,6867.11,29633.18
179,Randy Maddox,VIP,17586.81,22292.83
180,Jerry Chandler,VIP,35344.68,17632.87
181,Charles Peterson,VIP,36641.75,32912.44
182,Mark Ortiz,Premium,47893.65,24031.84
183,Aaron Johnson,Básico,35417.33,13102.17
184,James Cabrera,Premium,35240.84,37354.59
185,Rodney Phillips,Básico,8312.86,32179.02
186,Pamela Black,Premium,42731.65,10337.24
187,Jacob Warren,Básico,44426.2,2867.5
188,Jon Carter,Básico,25215.95,15865.58
189,Adam Carroll,Básico,4826.92,30427.05
190,Tara Floyd,Premium,33673.07,9571.14
191,Jared Ford,Premium,20915.94,19451.12
192,Brian Moreno,VIP,25085.75,9142.66
193,Dwayne Smith,VIP,25588.28,6335.58
194,Alexa Robinson,VIP,12765.73,39297.5
195,Kerry Huffman,Básico,27263.46,14540.04
196,Laura Erickson,Premium,44859.81,972.49
197,Calvin Goodwin,Básico,21083.06,37284.77
198,Julie Park,Básico,24531.38,431.65
199,Bradley Graham,Premium,8068.25,23970.97
200,Keith Chambers,VIP,39866.32,1716.29
201,Brittany Gibson,VIP,12604.34,23549.64
202,Samantha Robbins,Premium,2041.75,28641.25
203,Lindsey Moore,Básico,35087.67,25090.88
204,Mrs. Rebekah Ho,Premium,14011.58,23376.91
205,Emily Smith,VIP,42694.15,39246.04
206,Margaret Jones,Premium,32295.91,22618.02
207,Joseph Anderson,Básico,15749.12,14904.62
208,Joy Hendricks,Básico,47788.01,33585.81
209,Daniel Massey,VIP,17281.8,5895.46
210,Elizabeth Hanna,VIP,32123.29,34503.4
211,Mary Vega,Básico,41324.76,27565.91
212,Alexander Jimenez,VIP,41701.61,6358.9
213,Thomas Robbins,Premium,4854.36,27129.92
214,Heather Smith,Premium,12845.68,18456.54
215,Amy Mitchell,Premium,10783.16,26666.84
216,Brandy Cook,Premium,37281.82,36584.38
217,Marie Gomez,Premium,39847.62,6765.56
218,Gloria Fischer,Premium,5342.72,36967.08
219,Brian Webb,Básico,14821.92,38932.74
220,Taylor Murphy,Básico,46729.11,31484.97
221,Peter Palmer,Premium,29048.2,21282.41
222,Kelli Carter,Premium,9003.17,20572.38
223,Dr. Ian Owens,Básico,42048.36,10580.53
224,Anthony Rodriguez,VIP,34719.2,14353.76
225,Andrea Lewis,Básico,12608.27,27282.77
226,Richard Taylor,Básico,5369.94,13074.11
227,Tamara Mcclain,VIP,37203.08,25921.4
228,Anthony Bennett,Premium,37859.53,34026.9
229,Craig Hess,VIP,42357.54,13402.05
230,Lisa Allen,VIP,3944.12,16671.09
231,Kayla Jones,Básico,9317.81,28530.24
232,Robert Yang,Básico,23416.54,8051.63
233,Krystal Martin,VIP,11675.87,5844.97
234,Michelle Chen,Premium,13355.85,13982.2
235,James Baker,Premium,20449.85,19011.0
236,Patricia Cook,VIP,40823.0,38599.22
237,Brian Mack,Básico,31398.66,18615.44
238,Levi Terry,Premium,41610.81,3016.72
239,Krista Cervantes,Básico,32215.11,18230.3
240,Sherri Proctor,Básico,30129.58,497.8
241,Mr. Mark Lee,Premium,16008.19,848.24
242,Robert Acevedo,Premium,22153.18,22048.07
243,Stephanie Munoz,Básico,19405.53,21414.87
244,Paula Wilson,Básico,12306.37,36851.31
245,James Potter,VIP,16074.8,27135.11
246,Cynthia Medina,VIP,33476.41,12176.69
247,Melissa Myers,Básico,44937.41,9242.64
248,Scott Harrell,Premium,8362.03,13824.19
249,Jennifer Adkins,Premium,21011.32,39551.41
250,Stephanie Adams,Premium,29108.61,35499.33
251,Amy Alvarez,VIP,45543.74,22354.15
252,Mr. John Frederick MD,Premium,46737.41,7043.1
253,Billy Murphy,Premium,957.35,9829.02
254,Adam Humphrey,Premium,27719.09,37821.62
255,Cynthia Acosta,VIP,22256.68,24973.44
256,Steven Jennings,VIP,21250.71,29740.88
257,Misty Salazar,Básico,36642.88,34080.36
258,Sarah Carpenter,VIP,3674.72,16060.48
259,Jamie Scott,VIP,19952.89,3933.9
260,Jason Fuller,Básico,26664.56,28888.27
261,Howard Lopez DDS,Básico,45983.95,1479.73
262,Kim Huynh,Premium,10276.1,28330.22
263,Brandon Barrett,Básico,959.74,4096.29
264,Tammy Ross,VIP,30867.41,16071.09
265,Angelica Reyes,Premium,8996.69,16742.01
266,Francisco Lara,Premium,8737.06,29169.91
267,Charlotte Kelly,Básico,11305.85,23481.62
268,Ashley Wilkins DVM,Básico,2037.42,34993.11
269,Hannah Bender,Premium,12958.02,15963.3
270,Ernest Hernandez,Premium,13304.54,18563.42
271,Eric Brooks,Premium,16912.22,26928.67
272,Gregory Miller,Premium,33168.66,20559.15
273,Stacey Black,VIP,3809.44,16734.37
274,Susan Foster,Básico,3311.85,5202.91
275,Courtney Hayes,Premium,38892.26,14667.28
276,Michael Miller,Básico,23470.49,29682.1
277,Christopher Nguyen,VIP,25778.01,19233.18
278,Mrs. Brittany Reynolds,VIP,6814.41,18023.73
279,Tara Patel,Básico,30876.37,24548.72
280,Jeffery Garrison,Premium,8609.91,30673.77
281,Julie Wright,VIP,23588.77,29287.41
282,Timothy Carroll,Básico,46227.17,4402.25
283,William Trevino,VIP,19837.2,38194.07
284,Brian Vargas,Premium,45388.79,2879.75
285,Elizabeth Sanchez,Básico,24676.21,39923.25
286,Melinda Mora,Premium,17914.22,17305.11
287,Karen Mitchell,Básico,21099.82,6233.81
288,Sierra French,Básico,5647.45,1195.11
289,Dr. Brian Moore,Premium,19984.71,4476.26
290,Randy Todd,Premium,1352.32,34093.06
291,Joe Young,Premium,39758.25,37813.57
292,Eric Callahan,Básico,19711.06,25720.42
293,Charles Castro,VIP,27612.6,23141.4
294,Victor Rivera,Básico,20108.36,23520.4
295,Shelby Nguyen,VIP,44909.73,4956.63
296,Tony Lynn,VIP,28226.64,7122.43
297,Karl Myers,Básico,7668.72,37854.5
298,William Garcia,VIP,15949.65,29927.68
299,Alison Rivera,Premium,34361.84,9775.2
300,Bryan Turner,Básico,34909.42,322.85
301,Mary Lee,Premium,20825.12,35519.14
302,Robert Jones,Premium,25357.47,6812.48
303,Mrs. Julie Smith,Premium,22927.05,23365.21
304,Tiffany Parker,Básico,32089.39,12303.84
305,Crystal Leonard,Básico,35384.47,10692.93
306,Leslie Burns,Básico,8065.22,6321.54
307,Whitney Young,Premium,8771.4,39446.25
308,Matthew Zamora,Premium,29554.52,38663.78
309,Marcus Jones,Básico,9969.52,7815.96
310,Brian Riley,Básico,3419.19,11971.38
311,Andrew Moore,VIP,41665.44,5086.99
312,Robert Roy,Premium,36531.59,21838.75
313,Amy James,Básico,836.02,21118.35
314,Ronald Flores,Básico,9739.11,8167.92
315,Kenneth Pierce,VIP,29922.11,16783.74
316,Jennifer Robinson,Premium,33081.92,18733.66
317,Andrea Moreno,Premium,30521.32,17828.46
318,Gary Dunlap,Básico,5912.13,5016.3
319,Michelle Booker,Básico,29038.05,10757.73
320,Crystal Adams,Premium,26527.96,17134.98
321,Sarah Williams,Básico,21676.76,5856.81
322,Samantha Flynn,VIP,6567.81,31083.41
323,Steven Goodman,VIP,34573.45,39608.31
324,Daniel Griffin,Básico,33056.49,14215.87
325,Allison Noble,Básico,47624.8,9504.36
326,Anthony Oconnor,Premium,41876.9,21411.98
327,Richard Cobb,VIP,40111.16,38135.19
328,Shelly Johnson,Básico,14979.75,11565.18
329,Megan Marquez,Básico,41905.99,16550.44
330,Taylor Krause,VIP,4982.94,808.66
331,Danielle Jensen,Premium,22710.75,23433.39
332,Jackson Callahan,Premium,40246.36,12428.99
333,Rhonda Ramirez,Básico,30050.18,1559.2
334,Jacob Fowler,Básico,47388.83,32234.44
335,Cynthia Warren,Básico,18014.47,23657.42
336,Ashley Sloan DDS,VIP,33063.84,22144.55
337,Jordan Jackson Jr.,Premium,21105.45,15065.31
338,Jennifer Farrell,VIP,1075.7,7239.82
339,Julie Jackson,Básico,5564.96,30953.11
340,Robin Herrera,VIP,19181.67,19615.09
341,Teresa Moran,Premium,45836.55,20600.31
342,Meagan Rodriguez,Básico,49902.24,7208.29
343,Todd Wilson,Premium,25831.72,24235.1
344,Angela Gray,Básico,29094.15,35194.93
345,Brooke Zamora,Premium,7665.18,38731.6
346,Jeffrey Montes,VIP,37771.88,34361.25
347,Jason Perez,Premium,24833.38,22505.01
348,Erica Garcia,VIP,16899.81,38694.83
349,Christopher Smith,Básico,4438.99,27226.11
350,Dustin Hughes,Básico,21278.95,15111.23
351,Mark Williams,Premium,24983.68,14933.93
352,Jenny Wilson,VIP,42654.72,30755.38
353,Linda Martin,Premium,28140.46,6976.92
354,Amanda Holmes,Premium,35509.21,17283.92
355,Courtney Macdonald,Premium,6835.72,23467.04
356,Andrew Larson,Básico,4503.39,8969.48
357,Hannah Ward,Básico,43261.53,37056.76
358,Dennis Silva,VIP,3209.88,7656.65
359,Kelly Jackson,Básico,16740.5,27076.48
360,Cameron Kelly,VIP,18473.42,14042.59
361,Christopher Vasquez,Premium,18849.58,22728.04
362,Alexis Nguyen,Premium,30241.12,12683.23
363,John Contreras,Básico,18450.36,5838.67
364,Shelley Hernandez,Básico,12282.82,25765.48
365,Mark Walker,VIP,37404.17,5764.75
366,Dawn Wood,VIP,4930.74,11522.05
367,Nicole Proctor,Básico,25300.09,27389.99
368,Yolanda Deleon,VIP,18314.29,30984.66
369,Joseph Brown,Básico,11259.32,20956.85
370,Taylor Gonzales,Básico,34444.63,31720.21
371,Pamela Medina,Premium,3359.34,34125.16
372,Angela Adams,Básico,27630.6,33271.21
373,Melissa Ford,VIP,45876.69,3622.25
374,Rachel Graves,Básico,49540.82,29517.71
375,Deborah Bishop,Básico,27104.91,10628.44
376,Susan Conner,VIP,35448.95,30695.52
377,Bobby Melton,Premium,37135.55,18110.58
378,Krista Carr,Básico,45431.61,13718.36
379,Kaitlyn Coleman,VIP,43079.11,5117.6
380,Brittney Martinez,Básico,23504.01,39577.85
381,Scott Roberts,Premium,33728.07,19000.38
382,Christopher Williams,Básico,40502.96,18014.02
383,Christina Taylor,Básico,6742.66,31249.66
384,David Foley II,Básico,21123.18,37123.11
385,Wendy Davis,Básico,30061.49,38848.52
386,Emily Williams,Premium,9724.8,21341.94
387,Melissa Lucero,VIP,40986.55,33124.77
388,Amber Matthews,Básico,31171.47,27130.1
389,Michelle Robinson,Básico,4938.03,3005.57
390,Ms. Erin Berry,Premium,666.98,796.19
391,Dr. Megan Thomas,Premium,38816.77,33518.92
392,Jennifer Adams,Premium,35236.68,24501.12
393,Nicholas Levine,VIP,41220.35,31277.13
394,Jennifer Kelley,Premium,14643.31,27222.98
395,Derrick Saunders,VIP,22396.51,9066.13
396,Nicole Smith,Premium,16975.39,31420.32
397,Stephen Warner,VIP,18928.37,7004.48
398,Melissa Brandt,VIP,2266.85,12102.53
399,Mrs. Sandra Wilson,Premium,2179.61,104.72
400,Gary Myers,VIP,11069.32,20075.67
401,Natalie Smith,VIP,31977.86,33273.09
402,Monica Russell,VIP,17913.76,34826.18
403,Brian Nunez,VIP,25892.38,9808.94
404,Paul Clark,Premium,31152.56,27284.3
405,Raymond Williams,VIP,17608.51,32577.07
406,Andrew Burke,Premium,16668.61,12159.62
407,Ronald Rivera,Premium,28779.7,3569.01
408,Mary Ray,Premium,6519.76,28581.09
409,Logan Rose,Premium,26223.87,27691.62
410,Connie Edwards,VIP,24142.02,6286.42
411,Briana Davidson,Básico,48455.1,1812.02
412,Michael Morrison,Premium,6069.55,38526.41
413,Sandra Oliver,Básico,41337.18,2236.3
414,Christy Ballard,Básico,49809.17,37321.51
415,Joan Harper,Premium,6646.57,34173.53
416,Jenny Johnson,Premium,16751.84,23765.93
417,Diana Williamson,Básico,32397.41,35583.87
418,Lee Anderson,Básico,15920.58,26177.81
419,Deborah Diaz,Básico,9686.8,5328.56
420,Benjamin Clark,Básico,35015.89,12765.55
421,Nicholas Wells,VIP,48129.8,20310.72
422,Joshua Ward,VIP,19066.67,20209.88
423,Janet Bates,VIP,7478.29,11804.29
424,Omar Flores,VIP,28835.66,10015.74
425,Dr. Lisa Ramos DVM,VIP,3398.11,37824.01
426,Samantha Jones,Básico,10485.78,11949.08
427,Christine Hopkins,Básico,41138.35,12878.7
428,Rachael Vargas,VIP,41815.71,32713.98
429,Mercedes Adkins,Básico,26300.23,505.66
430,Kyle Meza,VIP,21424.68,1334.95
431,Peggy Sanders,VIP,26021.84,31883.77
432,Ashley Powell,Básico,19881.83,32284.04
433,Cameron Castillo,Básico,13514.59,18001.67
434,Vickie Middleton,Básico,49161.16,14903.61
435,Wayne Williams,Básico,17551.24,21646.36
436,Cody Zimmerman,VIP,33657.63,7498.92
437,Jillian Navarro,VIP,29942.19,18600.0
438,Jerry Schmidt,Premium,15092.88,38097.03
439,Timothy Johnson,VIP,7939.04,5321.69
440,Amber Howard,Premium,28297.39,5648.9
441,Kristin Collins,Básico,2889.3,9913.55
442,Donald Patterson,Premium,15743.86,15680.93
443,Samantha Henderson,Premium,36102.56,38439.87
444,David Villa,VIP,2471.67,11732.61
445,Sherri Mccormick,VIP,463.68,36077.81
446,Mark Daniels,Básico,39750.46,35598.48
447,Jake Reeves,Básico,7364.51,17765.1
448,Laura Golden,Básico,11539.63,11038.81
449,Amber Swanson,Básico,11248.2,19191.78
450,Jose Mckee,Premium,16919.08,24086.58
451,Wendy Stevens,Básico,20595.71,13620.38
452,Krystal Wilkins DVM,Básico,36439.6,22846.62
453,Matthew Johnson,VIP,34634.86,33399.57
454,Pedro Griffin,VIP,23192.99,34836.64
455,Amy Chang,VIP,46036.57,17710.54
456,Marcus Osborne,Premium,29947.19,25985.4
457,Seth Tran,VIP,35923.21,20578.79
458,Mary Adkins,Premium,24689.27,22802.06
459,Mrs. Jennifer Howard,Básico,13349.36,30463.77
460,Austin Roman,Premium,20534.34,5714.56
461,David Kelly,Premium,35420.25,2291.59
462,Robert Collins,Básico,11088.12,1365.06
463,Scott Ramos,Básico,4809.18,25339.21
464,Debra Walker,VIP,4966.83,29787.76
465,Donald Williams,VIP,4552.78,2440.91
466,Jonathan Watts,Premium,37603.03,34362.79
467,Daniel Powell,Básico,11464.22,4022.13
468,Allen Cortez,Premium,48046.12,17582.48
469,Kara Kennedy,VIP,46660.6,29327.45
470,Taylor Phillips,VIP,17816.59,17161.15
471,Amber Clark,Básico,17287.14,37261.24
472,Jocelyn Davis,Premium,30959.47,31363.47
473,Paul Oneal,Básico,47737.71,39235.77
474,Ruben Jones,Premium,17958.37,8193.5
475,George Martin,Premium,46669.47,12481.2
476,Monica Hall,Premium,2954.17,17464.48
477,Nicholas Silva,VIP,34232.92,25676.97
478,Kimberly Bennett,VIP,26339.29,31946.97
479,Brenda Mendez,VIP,1690.18,9201.15
480,Randy Wolfe,VIP,33992.31,18720.52
481,April Yates,VIP,24315.54,14416.76
482,Sean Rice,Premium,14526.07,21616.95
483,Tyler Stevens,VIP,12701.67,24141.93
484,Denise Brooks,Básico,8014.98,25495.75
485,Tara Brown,VIP,16985.73,39810.6
486,Michael Hall,VIP,18024.15,31816.26
487,Ross Barton,Básico,40277.64,9696.63
488,Douglas Avery,Premium,21251.33,18526.44
489,Sheila Collins PhD,VIP,13494.63,25414.5
490,Philip Hunt,Premium,46310.24,1652.0
491,Kevin Yates,Premium,44442.85,1964.17
492,Tammy Hernandez,Premium,46271.66,39906.3
493,Alex Mason,VIP,9467.72,37547.16
494,Michael Conner,Premium,18981.8,29338.06
495,William Mckinney,Básico,14185.1,30582.34
496,Mark Ferguson,Básico,15485.83,1785.67
497,Rhonda Aguirre,Premium,38011.2,3542.48
498,Melissa Taylor,Premium,20998.2,27544.25
499,Jennifer Stone,Básico,25622.45,17390.42
500,Sandra Wilson,Básico,44385.9,8835.57
501,Benjamin Black,Premium,19996.85,37688.32
502,Leah Dunn,Básico,3786.8,19038.88
503,Deborah Ellis,Básico,44784.91,6255.21
504,David Torres,VIP,19473.69,23632.09
505,Joshua Burnett,Premium,19040.69,12686.88
506,Maurice Alexander,Básico,35828.25,4580.49
507,Christopher Warren,Básico,28912.73,18477.02
508,Dennis Curtis,Premium,11173.68,35934.73
509,Sean Hendricks,Premium,39432.42,8551.81
510,Gene Smith,VIP,43802.93,6948.99
511,Maria Ali,Premium,22969.75,6512.79
512,Jennifer White,Básico,23081.93,8403.41
513,Jennifer Garcia,Premium,46426.41,16078.49
514,Ryan Cardenas,VIP,42863.82,9740.33
515,Christopher Tran,Básico,26230.06,33547.56
516,Barbara Bradley,Premium,23044.15,20738.57
517,Robert Johnson,VIP,42387.93,5012.3
518,Jay Sanchez,Premium,35169.36,27876.02
519,Zachary Palmer,Premium,15759.29,39213.06
520,Sarah Johnson,Básico,47115.56,39274.05
521,Melissa Hoffman,Básico,8727.23,19201.35
522,Kelly Andrade MD,Premium,43673.22,26585.79
523,Wendy Hogan,VIP,49977.35,31470.61
524,Kenneth Banks,Premium,46529.09,13503.24
525,Lawrence Brown,VIP,7641.96,11410.59
526,Theresa Erickson,Básico,21061.94,8151.11
527,Michael Morgan,VIP,20782.62,28841.45
528,Scott Snyder,VIP,20241.9,35966.91
529,Michael Robinson,VIP,33476.92,13893.52
530,Chelsea Baker,Premium,26555.7,39847.54
531,Alexander Hunt,Básico,40571.14,3784.2
532,Emily Odonnell PhD,VIP,2901.58,21686.59
533,Kevin Nelson,Básico,49743.46,36074.83
534,Mrs. Jordan Chen,Premium,27661.33,10221.73
535,Sandra Anderson,Básico,1870.52,13878.27
536,Sabrina Medina,VIP,36210.18,37112.92
537,Lauren Potts PhD,Básico,28837.07,5069.0
538,Debra Anderson,Premium,34213.48,5263.33
539,Aaron Levy,Premium,11088.67,12392.82
540,Raymond Winters,Premium,18157.41,3654.91
541,Phillip Evans,Básico,23990.23,22419.76
542,Larry Maldonado,Básico,49469.4,36347.91
543,Sandra Oconnor,VIP,21532.84,870.0
544,Thomas Chapman,VIP,23581.99,24069.14
545,Laura Holloway,Premium,8625.89,14501.13
546,Jennifer Porter,Premium,43858.34,36218.86
547,Caroline Ramirez,VIP,1419.85,36494.72
548,Summer Davis,VIP,32989.28,10745.21
549,David Hogan,Básico,30134.0,13973.26
550,Jennifer Rose,VIP,7805.9,33023.69
551,Rebecca Curry,VIP,15152.04,21483.24
552,Amanda Fox,VIP,27540.74,14930.9
553,David Miller,Básico,37615.92,30933.88
554,Erin Martinez,Básico,22111.1,32825.95
555,Taylor Ross,VIP,48666.45,34132.89
556,Elizabeth Arnold,Básico,23011.06,12760.52
557,Kayla May,Premium,3289.74,16492.62
558,Barbara Donovan,VIP,870.79,28001.9
559,Tamara Meadows,Básico,3279.68,26148.55
560,Jennifer Smith,Premium,15657.29,37411.35
561,Melissa Christian,Premium,25827.89,23144.64
562,Kimberly Ray,Premium,42925.14,25952.3
563,Theresa Brown,Básico,22076.64,34587.43
564,Justin Burns,Básico,23265.93,23759.37
565,Anthony Barker,VIP,12810.35,32125.74
566,Terry Bean,VIP,32844.36,23132.39
567,Tracy Weaver,Premium,9718.42,17438.9
568,Jill Norman,Básico,36374.78,8687.86
569,Steven Cooper,Básico,21011.26,19601.3
570,Christopher Baxter,Básico,40033.49,23051.83
571,John Blake,Premium,46629.14,29571.98
572,Emily Parrish,Básico,47923.18,28799.22
573,Gary Jones,VIP,24754.29,15586.59
574,Carol Bailey,Premium,47529.41,24395.15
575,Michael Hartman,Premium,23097.23,33982.48
576,Amy Espinoza,VIP,48137.7,38161.02
577,Timothy Rojas II,Básico,7442.52,15212.91
578,Patricia Weaver,Premium,36042.36,15455.53
579,Gary Porter,VIP,23980.08,11661.34
580,Russell Smith,VIP,18271.85,26492.45
581,Erin Smith,Básico,45618.6,38028.64
582,Shawn Stewart,Básico,31676.7,39969.39
583,Annette Barnett,Básico,36597.5,13000.86
584,Ashley David,Premium,22892.67,6429.01
585,Derek Alvarez,Básico,4357.44,17537.29
586,Sherry Douglas,Premium,15288.64,19433.59
587,Casey Davis,Premium,30750.21,10286.56
588,Michael Hartman,VIP,16705.16,19528.56
589,Christopher Mcdonald,Premium,22130.92,23496.09
590,Roy Reed,Básico,31021.69,27242.55
591,Laura Hicks,Premium,28088.68,5476.75
592,Christina Murray,Básico,12654.55,38911.44
593,Joshua Davidson,Básico,31352.17,9779.52
594,Jimmy Harrell,VIP,10966.02,10952.96
595,Sharon Wilson,Básico,30253.06,21629.5
596,Donna Turner,Básico,29496.25,2773.32
597,Justin Stewart,Básico,48730.77,909.59
598,Carl Cannon,VIP,20337.95,14202.73
599,John Golden,Básico,22549.83,8543.86
600,Nathan Harrell,Premium,41401.37,9384.57
601,Megan Roberts,Básico,7795.85,10264.85
602,Charles Wallace,Básico,32076.52,24813.77
603,Rachel Perez,Básico,28717.48,25927.71
604,Elizabeth Patel,Premium,35297.17,16734.86
605,Jennifer Ramos,Básico,17644.88,19946.54
606,Heidi Williams,Premium,13609.15,38499.2
607,Judith Clark,VIP,46602.41,37513.78
608,James Bailey,Básico,28738.38,34179.52
609,Mercedes Anderson,Premium,36782.98,35279.72
610,Shelley Leblanc,VIP,45932.86,26943.79
611,Rachel Williams,Premium,36399.42,4127.44
612,Joseph Davis,VIP,28670.5,20837.94
613,Jonathan Rice,Premium,33542.09,2731.94
614,Steven Washington,Básico,28998.82,196.93
615,Daniel Gordon,Premium,13429.84,21856.5
616,Isabel Ryan,Premium,5027.14,24025.8
617,Tristan Baldwin PhD,Básico,2497.62,24879.5
618,Kim Kelly,VIP,36206.42,9181.21
619,Christopher Peterson,Básico,23868.15,1377.52
620,Michelle Underwood,Básico,3972.82,3002.09
621,Nichole Burns,Premium,38640.12,28404.89
622,Mary Ayala,VIP,17242.26,19563.09
623,Martin Patel,VIP,5142.02,11585.02
624,Justin White,Básico,2269.04,29606.83
625,Cody Chen,Básico,14123.08,38775.99
626,Heather Zuniga,Premium,41209.09,18715.04
627,Judith Chavez,VIP,11657.3,36293.59
628,Caleb Cortez,VIP,5541.33,17447.12
629,Jeffery Santiago,Premium,31809.23,25971.89
630,Juan Thomas,Premium,42355.51,18787.1
631,Debra Schmidt,Básico,35101.66,24691.19
632,Mary Nelson,VIP,30824.83,14980.88
633,Joseph Campbell,Básico,7536.37,181.12
634,Patricia Wilson,Premium,45788.35,35673.65
635,Tracy Marsh,Básico,21337.72,4390.79
636,Mark Owens,VIP,28208.13,14002.26
637,Kristen Potter,VIP,9137.9,14477.1
638,Anna Webb,Premium,45142.87,2535.98
639,Nathaniel Francis,Premium,3628.39,13547.88
640,Ian Cox,Premium,5579.14,12456.34
641,Patrick Baker,Básico,23053.31,14642.43
642,Andrew Walton,VIP,45602.54,32583.52
643,Christina Fisher,Básico,43018.13,22001.48
644,Shelby Garcia PhD,Básico,32360.88,31725.99
645,Michael Johnson MD,Premium,26045.3,32265.09
646,Robert Dawson,VIP,27908.08,15437.83
647,Jennifer Nelson,VIP,25531.59,31088.61
648,Brian Kelley,VIP,22303.92,9685.19
649,Julie Hernandez,Básico,14144.79,14058.24
650,Heidi Rogers,Premium,26521.09,3350.41
651,Ariana Leblanc,Básico,46007.82,38899.58
652,Eric Ortiz,Básico,13624.88,4479.38
653,Nicholas Miller,VIP,49664.11,8867.16
654,Jamie Morales,Básico,30055.2,21466.26
655,Ashley Sanchez,Premium,6823.9,589.55
656,Mitchell Miller,VIP,33812.79,21009.36
657,Gabriel Williams,VIP,9848.36,33478.54
658,David Jackson,Básico,23750.45,10357.66
659,Lawrence Nichols,Premium,25370.91,23360.73
660,Mr. Gary Flores,Premium,16036.34,7460.99
661,Brittney Evans,Básico,24128.25,13400.72
662,Todd Powers,Básico,1405.01,18013.17
663,Todd Lawson,VIP,23820.91,26193.48
664,Jonathan Smith,Básico,26578.17,35991.63
665,Sharon Todd,Básico,10304.23,38551.18
666,Daniel Adams,Básico,7355.16,11612.84
667,Tiffany Hernandez,Básico,47403.22,31986.18
668,Rebecca Meyer,VIP,29960.31,23551.28
669,Kimberly Lee,Básico,1990.46,35684.45
670,Angela Garcia,Básico,30123.02,7895.49
671,Lance Hancock,VIP,47196.82,33435.22
672,Deborah Dixon,Premium,45394.51,17988.06
673,Kimberly Walter,Premium,42670.52,9496.23
674,Renee Black,VIP,46897.82,11238.74
675,Cynthia Evans,Premium,2899.13,15600.01
676,Lori Berg,Premium,31215.66,20654.6
677,Michael Carey,Premium,48930.15,2205.01
678,Vincent Johnson,VIP,43485.94,1417.4
679,Jordan Dunn,Premium,46302.72,34885.62
680,Brandon Moran,Básico,21781.09,23243.62
681,Jessica Moon,Premium,42299.86,13058.09
682,Charles Mclaughlin,Básico,38165.08,18293.92
683,Joshua Butler,VIP,8706.85,35550.42
684,Kaitlyn Nelson,Básico,13275.82,3946.62
685,Donald Werner,VIP,42157.42,31216.85
686,Savannah Morris,Premium,23549.87,32893.04
687,Robert Ewing,VIP,10971.17,37756.12
688,Mrs. Courtney Kelly MD,Premium,6953.63,6948.31
689,Regina Keller,VIP,38853.26,28125.32
690,Eric Riley,Premium,12927.5,16900.66
691,Joshua Gutierrez,VIP,27541.93,28915.56
692,Richard Fletcher,Premium,19335.51,11164.35
693,Patricia Cochran,VIP,11225.66,2875.0
694,Brittney Mclaughlin,Básico,35665.19,36315.85
695,Albert Weber,Premium,29108.78,11417.65
696,Jimmy Cobb,Básico,42356.2,36085.24
697,Michael Williams,VIP,12055.47,32258.45
698,Mary Clayton,Premium,26266.91,23718.65
699,Norma Hill,VIP,40095.82,15207.3
700,Kathryn Wilson,VIP,14816.15,10521.6
701,Alicia Dickson,VIP,43839.87,2883.34
702,Allison Wheeler,Básico,41950.37,27524.12
703,Chad Glass,Básico,6297.98,16188.25
704,Dan Davidson,Básico,42119.42,35653.11
705,Amanda Miller PhD,VIP,9049.64,15467.8
706,Carl Johnson,VIP,31082.0,5332.47
707,Thomas Mitchell,VIP,35375.08,34802.56
708,Melissa Mercer,VIP,46891.0,35173.2
709,Craig Hall,VIP,34221.83,10086.35
710,Tyler Brown,VIP,41483.98,14751.79
711,Russell Russell,VIP,6703.72,4114.88
712,Katrina Garza,Premium,40490.46,32909.83
713,Steven Atkinson,VIP,38206.18,13394.8
714,Samantha Holt,Premium,41369.66,15421.09
715,Mariah Love,VIP,33077.39,27704.71
716,John Hernandez,Premium,2693.84,13210.88
717,Angela Mendoza,VIP,43589.76,32982.28
718,Katie Hall,Premium,5959.13,7996.95
719,Samuel Allen,VIP,39854.68,25932.29
720,Susan Roth,Básico,43293.53,32683.34
721,Robert Hernandez,Premium,41188.75,33908.12
722,Valerie Villanueva,VIP,12449.55,34951.14
723,Amanda Clark,Básico,21473.68,2675.0
724,Laura Reyes,Básico,14787.02,13849.41
725,Ryan Koch,VIP,7506.09,20964.21
726,Jason Oneal,VIP,23581.25,33672.46
727,Joseph Shields,Básico,44345.11,15670.83
728,Michelle Fowler,Premium,39037.68,22690.13
729,Andrea Wood,Premium,43367.92,9621.12
730,Cindy Carlson,Básico,24436.07,14629.13
731,Sarah Webb,Básico,49326.98,233.22
732,Michelle Calhoun,VIP,15257.36,30665.39
733,Michael Mitchell,Premium,19976.07,32694.37
734,Monica Lee,Básico,35753.72,14600.43
735,Alex Bennett,VIP,31908.33,6061.21
736,Michael Clark,Básico,10274.66,805.7
737,Victoria Zimmerman,Básico,42949.79,6647.31
738,Alan Erickson,VIP,5468.66,3184.64
739,Kimberly Sanders,Básico,6775.64,9052.16
740,Alan Diaz,Premium,38657.66,31174.85
741,Jeffery Clark,VIP,41664.13,21585.45
742,Sarah Foster,Básico,238.29,38272.26
743,Brittany Villegas,Premium,17709.01,23274.11
744,Samuel Lee,VIP,36516.53,38705.0
745,David Miller,Premium,6507.65,24469.66
746,Robert Jackson,Básico,5732.29,18827.45
747,Chase Riley,VIP,24177.75,7217.8
748,Jacob Williams,Básico,46485.26,33384.33
749,Kelly Shaw,VIP,25814.46,7826.68
750,Jose Summers,Premium,29556.43,29316.67
751,Crystal Sparks,Básico,30272.71,7998.79
752,Carla Wells,Premium,35425.3,4953.63
753,Kyle Little,Premium,28793.68,25826.1
754,James Hunter,Premium,7572.56,38455.68
755,Sarah Mathews,VIP,17317.6,10775.13
756,Courtney Craig,Premium,43577.32,7873.75
757,Michelle Torres,VIP,316.3,16527.17
758,Lori Ingram,Básico,17235.46,14919.19
759,Alexandria Tyler,Premium,33913.26,6462.23
760,Laurie Davies,Premium,27369.78,18774.53
761,David Sanchez,Básico,47294.77,29591.31
762,Michael Garcia,Básico,31124.19,35803.75
763,Crystal Cordova,VIP,35391.07,6127.19
764,Craig Ward,VIP,15694.01,5909.92
765,Robert Monroe,Básico,3362.77,1551.66
766,Sarah Lamb,Básico,27907.28,29336.12
767,Abigail Mccarthy,Premium,4838.76,2444.55
768,Terry Torres,VIP,5702.67,25388.27
769,Kathryn Robinson,Premium,41566.87,5283.0
770,Cynthia Green,Básico,40629.03,38422.55
771,Nathan Ramirez,VIP,42073.53,16848.02
772,Matthew Stevens,Premium,38782.82,8969.25
773,Patrick Gonzalez,Premium,43373.67,39197.25
774,Andrew Torres,VIP,16107.76,19979.97
775,Jade Myers,Premium,8105.42,23151.5
776,Jodi Dickerson,Básico,27575.61,22126.18
777,Alicia Gates,Básico,40040.58,15537.96
778,Lisa Spears,VIP,46366.12,29060.29
779,Bryce Hernandez,Básico,49240.51,36147.5
780,Mark Barnett,Básico,26856.59,35796.21
781,Lindsay Cortez,VIP,18031.56,14543.18
782,Christina French,VIP,21687.32,30640.4
783,Jamie Cortez,Básico,16579.87,29683.12
784,Danny Tran,Premium,14991.19,9139.22
785,Tammy Jones,VIP,14203.02,5109.75
786,Jennifer Riley,Premium,9146.65,39347.31
787,Kyle Lewis,VIP,21224.65,18967.79
788,Joshua Nguyen,Básico,5596.64,37297.48
789,Amanda Griffin,Premium,44185.42,1927.77
790,Willie Mccarthy,Básico,7685.78,38237.1
791,Donald Holder,Premium,39456.36,14674.35
792,Ryan Mercado,Básico,43450.45,29785.74
793,Miguel Jones,Premium,6289.45,19400.2
794,Kelsey Payne,Premium,34837.11,33579.41
795,Jonathan Hardy,Básico,21847.31,34354.6
796,David Rivera,Básico,28375.45,3253.93
797,Robert Washington,Básico,39382.8,6644.06
798,Andrea Carr,Básico,17906.67,22943.31
799,Todd Serrano,VIP,4339.3,18939.47
800,Justin Acevedo,Premium,43675.92,8970.58
801,Olivia Dunn,VIP,15702.64,29315.0
802,Jennifer Cuevas,Básico,4122.83,20485.7
803,Amber Perez,Básico,11453.35,37478.88
804,Kelly Massey,Premium,13804.65,37120.05
805,Austin Mosley,Básico,36780.88,15319.43
806,Jennifer Mclean,VIP,22587.65,9816.77
807,Jeffery Patrick,Premium,47273.33,13694.14
808,Christine Rice,VIP,4403.94,26916.44
809,Robert Jones,Básico,30448.52,25627.37
810,Julia Vega,Básico,1592.78,18934.51
811,Whitney Delgado,Premium,13866.02,2208.5
812,Isabel Jackson,Básico,28334.74,12038.12
813,Janet Williams,Premium,27736.63,11744.71
814,Gregory Bishop,Premium,16330.23,3985.36
815,Sharon Nichols,Premium,38983.02,35030.24
816,Jamie Arnold,Premium,40150.4,20433.92
817,Robert Ward,Básico,16873.28,33744.32
818,Justin Harris,Básico,30279.84,21180.55
819,Heidi Hess,VIP,21748.56,8540.6
820,Michael Humphrey,Premium,4965.71,18317.23
821,Walter Mason,VIP,39260.06,13155.61
822,Jason Ray,Básico,25829.46,32485.35
823,Amy Davis,Premium,35980.3,1557.31
824,Anthony Blankenship,VIP,9450.52,20178.44
825,Robert Todd,Básico,19783.3,23252.68
826,Charles Thornton,VIP,23561.03,32506.72
827,Nathaniel Wood,Básico,4199.72,22543.39
828,Briana Brown,Básico,48786.87,14562.48
829,David Flynn,Básico,42794.36,9141.0
830,Caroline Vasquez,Básico,25645.43,15351.42
831,Emily Holder,VIP,7914.47,29319.0
832,Heidi Brown,VIP,2722.29,22574.99
833,Pamela Padilla,VIP,40974.66,26441.21
834,Tyler Allen,Premium,40825.02,10297.03
835,Cameron Pineda,Premium,15770.19,1771.7
836,Rachel Montgomery,VIP,38087.75,29225.84
837,Susan Edwards,Básico,20505.95,39758.75
838,Tonya Mitchell,Básico,35491.82,24412.08
839,Alex Howard,Básico,21482.88,2053.41
840,Mrs. Michelle Huffman,Básico,21327.13,9047.57
841,Lisa Thomas,VIP,15622.6,39111.49
842,Laura Murphy,Premium,47084.17,39759.04
843,Patrick Carter,Premium,44914.88,12881.13
844,Melanie Hughes,VIP,15650.48,28367.06
845,James Wilkerson,VIP,28109.22,5405.34
846,Kayla Reynolds,Básico,42269.74,31236.23
847,Sara Torres,Básico,17293.0,37576.75
848,Monica Schmidt,Básico,16873.44,4190.86
849,Thomas Carr,VIP,22375.08,2139.68
850,Susan Taylor,Básico,34839.29,161.75
851,Joshua Lester,VIP,20806.94,29509.44
852,Jose Hardin,Básico,18685.28,9163.53
853,Tammy Burton,VIP,44710.05,2452.15
854,Jacqueline Smith,Premium,29874.97,5891.13
855,Ian Smith,Básico,6698.54,38789.24
856,Linda Garrett,VIP,18393.68,133.03
857,Adam Everett,VIP,10548.94,1006.41
858,Mark Campbell,Básico,3927.14,11450.57
859,Phillip Stephenson,Premium,11805.39,34995.89
860,Vanessa Navarro,VIP,2447.89,5568.48
861,Jennifer Simmons,Básico,18466.2,34359.0
862,Kari Summers,Premium,35557.93,26893.94
863,Carl Rivera,Básico,4663.73,18272.14
864,Laura Tapia,Premium,27034.03,8099.96
865,Mr. Terry Baker,VIP,45114.68,28230.16
866,Richard Castillo,VIP,47220.55,31833.45
867,Kimberly Walker,VIP,10544.83,21182.51
868,Shannon Holland,Premium,44309.12,1177.54
869,Jeffery Diaz,VIP,41439.98,7767.8
870,Roy Walsh,VIP,15988.04,36454.7
871,Lori Benton,VIP,48516.89,21083.24
872,Bryan Gray,VIP,6184.44,17959.84
873,Robert Martinez,Premium,12217.38,10627.16
874,Jaclyn Pace,VIP,20494.8,15843.53
875,Carolyn Ortega,Premium,40037.33,29882.49
876,Anthony Davis,Premium,48869.97,33721.92
877,Joel Jones,Básico,39695.66,36072.07
878,Mark Vang,Premium,31524.46,21203.72
879,Patrick Dunn,VIP,33298.51,31167.57
880,Jason Potts,Básico,19777.17,33738.07
881,Brandi Lewis,Premium,21466.02,29019.44
882,Danielle Aguilar,Básico,34876.82,10677.26
883,Cole Rodriguez,Premium,35574.05,34658.0
884,Michael French,Premium,26709.32,29061.5
885,Whitney Dunn,VIP,31795.53,39037.39
886,Kristina Dennis,VIP,47863.24,12553.42
887,Cynthia Norman,Premium,30266.04,22454.85
888,Jason Daugherty,Premium,3014.53,20607.77
889,Samuel Watkins,Premium,24122.45,23621.84
890,Kathryn Willis,Básico,38527.74,15009.31
891,William Beck,VIP,49131.18,24130.21
892,Rebecca Robbins,Básico,13344.12,11028.97
893,Scott Baker,Básico,10580.26,18022.4
894,Diane Best,Premium,45456.93,32953.73
895,Nancy Duke,Premium,18387.09,21429.11
896,William Esparza,Básico,7299.66,17583.81
897,Jose Johnson,VIP,31587.13,30032.93
898,Kayla Gregory,VIP,25988.18,20472.31
899,Christina Patterson,VIP,37695.75,1281.21
900,Glen King,Básico,7519.36,27084.69
901,Crystal Richardson,Básico,49729.69,37355.8
902,Kelly Sanchez,Básico,1422.14,39558.28
903,Maria Johnson,VIP,29023.47,9683.58
904,Erika Fox,Básico,44094.49,4667.88
905,Thomas Cooper,Premium,1063.83,18892.05
906,Joseph Butler,Básico,7408.49,31631.22
907,Miguel Farrell,VIP,38660.59,14005.83
908,Robert Stephenson,Básico,45471.67,34377.99
909,Susan Ross,VIP,30047.68,24136.09
910,Jamie Pearson DDS,Básico,1555.43,39171.6
911,Andrew Neal,Premium,37165.08,19227.25
912,Jamie Kline,VIP,20620.06,770.83
913,Felicia Taylor,Básico,14474.95,12111.45
914,Shawn Hayes,Premium,43275.66,22638.61
915,Andrew Johnson,Premium,15892.27,25636.21
916,Sherri Sanchez,VIP,25797.82,995.87
917,Sean Moreno,Básico,21457.88,12636.84
918,Amy Smith,Básico,49599.0,10497.27
919,Janice Jensen,Premium,13951.4,34831.36
920,Linda King,VIP,24865.42,28356.49
921,Thomas Walker,Premium,17587.66,1326.56
922,Caroline Clark,VIP,35112.42,12762.29
923,Sabrina Sharp,VIP,6685.66,11880.79
924,Brittany Fields,Premium,40198.52,19780.64
925,Amanda Brown,VIP,10307.37,28654.85
926,Jerry Robertson,VIP,15801.73,28681.27
927,Anthony Gonzales,Premium,48581.05,39893.58
928,Alex Meyer,VIP,19300.52,23432.05
929,Robin Walter,Básico,30682.53,37244.65
930,Jason Murphy,VIP,41600.4,18829.17
931,Devin Morse,VIP,3211.32,8438.59
932,Justin Wong,Básico,21660.88,22807.22
933,Dr. Tara Gibson,Básico,21954.44,27541.79
934,Jerry West,VIP,11113.05,17773.27
935,Andrea Smith,Básico,27204.55,23623.84
936,Lisa Campbell,VIP,37282.76,12456.61
937,Rhonda Houston,Premium,2569.0,15942.17
938,Danielle Day,VIP,28686.31,2725.7
939,Shawn Smith,VIP,21776.38,16457.17
940,Mark Donovan,Básico,13987.8,9671.86
941,Kevin Rios,VIP,34460.13,4859.46
942,Michelle Freeman,Básico,22683.88,11435.08
943,Cody Downs,Básico,6042.39,9549.87
944,Chad Morris,Básico,14472.9,26293.53
945,Sandra Wallace,VIP,9373.48,13140.85
946,Jimmy Wood,VIP,11869.52,28050.86
947,Kelly Parker,Premium,39074.61,38111.32
948,Benjamin Archer,Básico,5005.54,37849.57
949,Chelsea Richard,Premium,42469.37,35286.55
950,Susan Hutchinson,Básico,27921.24,7522.01
951,Jessica Wallace,VIP,6184.34,2762.63
952,Sarah Jackson PhD,Básico,25807.78,37356.71
953,Eric Turner,VIP,25618.1,25360.15
954,Kenneth Cook,Básico,39221.42,27191.12
955,Ann Long,Básico,33326.3,5498.96
956,Preston Arias,Premium,22815.52,8719.66
957,Kristina Lopez MD,Premium,45918.28,23961.0
958,Brandon Duffy,VIP,5524.03,35539.25
959,Caleb Lopez,Básico,39590.81,18798.45
960,Diana Allen,VIP,30275.08,39062.6
961,Carlos Knight,VIP,3565.86,4482.0
962,Cindy Hines,Básico,42964.85,27948.21
963,Julia Solis,Básico,13529.87,28385.64
964,Kevin Cooper MD,VIP,20525.21,27795.3
965,Dana Carter,VIP,16684.59,10744.82
966,Anna Wang,Premium,28127.54,28001.67
967,William Lambert,VIP,37422.14,15409.57
968,Elizabeth Holder,Premium,19820.03,14280.3
969,Kelli Hill,Premium,47962.35,30067.69
970,Charles Gilmore,Básico,1983.12,2012.1
971,Brianna Mcdowell,Premium,38762.72,27103.2
972,Rebecca Rivera,VIP,14187.73,871.68
973,Tony Conway,Premium,20816.15,30178.32
974,Chad Young,VIP,46936.89,11129.73
975,Catherine Johnson,VIP,44390.8,11883.15
976,Henry Gonzalez,Premium,22645.82,21118.2
977,Jill Reed,VIP,28224.46,9029.44
978,Mary Calderon,Básico,42993.9,8112.97
979,Anthony Sanchez,VIP,15109.4,20337.8
980,Jonathan Lozano,Premium,17258.22,28108.53
981,Scott Fletcher,Básico,42699.78,6645.34
982,Dakota Liu,Premium,36671.47,7765.79
983,Brianna Gallagher,VIP,41143.94,3583.8
984,Leslie Gallagher,Premium,25378.93,9226.35
985,Alejandro Neal,Básico,8500.04,25336.44
986,Cathy Graham,Premium,5579.85,20776.56
987,Shannon Lindsey,VIP,24112.99,29623.96
988,Nicole Hall,Básico,27370.39,7470.89
989,Michele Perkins,Básico,10085.38,3701.22
990,Linda Hill,Básico,17926.61,11581.23
991,Anthony Hutchinson,Básico,34301.86,1227.44
992,Wesley Nunez,Premium,11591.45,20057.3
993,Stephen Miller,Básico,24502.49,22014.65
994,Renee Marshall,Básico,2244.6,17886.16
995,Leslie House,Premium,49922.29,4012.14
996,Samantha Andrews,Básico,17135.14,30321.81
997,Jessica Singleton,Básico,32434.37,28026.11
998,Tom Burgess,Premium,14045.16,16363.98
999,Alex Morton,Premium,23811.11,10107.37
